<!DOCTYPE hibernate-mapping PUBLIC 
    "-//Hibernate/Hibernate Mapping DTD 3.0//EN"
    "http://www.hibernate.org/dtd/hibernate-mapping-3.0.dtd">
<hibernate-mapping>
	<class name="Address" table="ADDRESS">

		<meta attribute="class-description">
			This class contains the address detail.
		</meta>

		<id name="id" type="int" column="id">
			<generator class="foreign" />
		</id>

		<property name="street" column="street_name" type="string" />
		<property name="city" column="city_name" type="string" />
		<property name="state" column="state_name" type="string" />
		<property name="zipcode" column="zipcode" type="string" />

	</class>
</hibernate-mapping>